{
    "name": "root",
    "metadata": {
        "timer_format_version": "0.1.0",
        "start_time_seconds": "1715602936",
        "python_version": "3.7.16 (default, Jan 17 2023, 16:06:28) [MSC v.1916 64 bit (AMD64)]",
        "command_line_arguments": "C:\\Users\\Daniel\\anaconda3\\envs\\unity\\Scripts\\mlagents-learn config.yml --run-id TestRun18",
        "mlagents_version": "0.28.0",
        "mlagents_envs_version": "0.28.0",
        "communication_protocol_version": "1.5.0",
        "pytorch_version": "1.7.1+cu110",
        "numpy_version": "1.21.2",
        "end_time_seconds": "1715603046"
    },
    "total": 110.3140173,
    "count": 1,
    "self": 0.02022770000000662,
    "children": {
        "run_training.setup": {
            "total": 0.2653460000000001,
            "count": 1,
            "self": 0.2653460000000001
        },
        "TrainerController.start_learning": {
            "total": 110.0284436,
            "count": 1,
            "self": 0.012016399999950522,
            "children": {
                "TrainerController._reset_env": {
                    "total": 28.838084000000002,
                    "count": 1,
                    "self": 28.838084000000002
                },
                "TrainerController.advance": {
                    "total": 80.79909170000005,
                    "count": 204,
                    "self": 0.005956000000082895,
                    "children": {
                        "env_step": {
                            "total": 80.79313569999997,
                            "count": 204,
                            "self": 79.86601030000003,
                            "children": {
                                "SubprocessEnvManager._take_step": {
                                    "total": 0.9220964999999453,
                                    "count": 204,
                                    "self": 0.028508699999939324,
                                    "children": {
                                        "TorchPolicy.evaluate": {
                                            "total": 0.8935878000000059,
                                            "count": 201,
                                            "self": 0.132314099999995,
                                            "children": {
                                                "TorchPolicy.sample_actions": {
                                                    "total": 0.7612737000000109,
                                                    "count": 201,
                                                    "self": 0.7612737000000109
                                                }
                                            }
                                        }
                                    }
                                },
                                "workers": {
                                    "total": 0.005028899999999226,
                                    "count": 203,
                                    "self": 0.0,
                                    "children": {
                                        "worker_root": {
                                            "total": 16.478381699999993,
                                            "count": 203,
                                            "is_parallel": true,
                                            "self": 1.788694100000047,
                                            "children": {
                                                "steps_from_proto": {
                                                    "total": 0.009932899999999023,
                                                    "count": 1,
                                                    "is_parallel": true,
                                                    "self": 0.0025613999999976045,
                                                    "children": {
                                                        "_process_rank_one_or_two_observation": {
                                                            "total": 0.007371500000001419,
                                                            "count": 4,
                                                            "is_parallel": true,
                                                            "self": 0.007371500000001419
                                                        }
                                                    }
                                                },
                                                "UnityEnvironment.step": {
                                                    "total": 14.679754699999947,
                                                    "count": 203,
                                                    "is_parallel": true,
                                                    "self": 0.10383459999996703,
                                                    "children": {
                                                        "UnityEnvironment._generate_step_input": {
                                                            "total": 0.0829872000000087,
                                                            "count": 203,
                                                            "is_parallel": true,
                                                            "self": 0.0829872000000087
                                                        },
                                                        "communicator.exchange": {
                                                            "total": 14.102048199999974,
                                                            "count": 203,
                                                            "is_parallel": true,
                                                            "self": 14.102048199999974
                                                        },
                                                        "steps_from_proto": {
                                                            "total": 0.3908846999999973,
                                                            "count": 203,
                                                            "is_parallel": true,
                                                            "self": 0.09506540000007391,
                                                            "children": {
                                                                "_process_rank_one_or_two_observation": {
                                                                    "total": 0.2958192999999234,
                                                                    "count": 812,
                                                                    "is_parallel": true,
                                                                    "self": 0.2958192999999234
                                                                }
                                                            }
                                                        }
                                                    }
                                                }
                                            }
                                        }
                                    }
                                }
                            }
                        }
                    }
                },
                "TrainerController._save_models": {
                    "total": 0.3792514999999952,
                    "count": 1,
                    "self": 0.007153399999992871,
                    "children": {
                        "RLTrainer._checkpoint": {
                            "total": 0.3720981000000023,
                            "count": 1,
                            "self": 0.3720981000000023
                        }
                    }
                }
            }
        }
    }
}