{
    "name": "root",
    "gauges": {
        "Maxwell.Policy.Entropy.mean": {
            "value": 0.5791701674461365,
            "min": 0.5667279958724976,
            "max": 1.0985887050628662,
            "count": 200
        },
        "Maxwell.Policy.Entropy.sum": {
            "value": 2898.16748046875,
            "min": 2765.745361328125,
            "max": 5586.27392578125,
            "count": 200
        },
        "Maxwell.Environment.EpisodeLength.mean": {
            "value": 5.5810276679841895,
            "min": 5.566360052562418,
            "max": 11.033412887828161,
            "count": 200
        },
        "Maxwell.Environment.EpisodeLength.sum": {
            "value": 4236.0,
            "min": 4144.0,
            "max": 4623.0,
            "count": 200
        },
        "Maxwell.Step.mean": {
            "value": 999995.0,
            "min": 4992.0,
            "max": 999995.0,
            "count": 200
        },
        "Maxwell.Step.sum": {
            "value": 999995.0,
            "min": 4992.0,
            "max": 999995.0,
            "count": 200
        },
        "Maxwell.Policy.ExtrinsicValueEstimate.mean": {
            "value": 0.3227139413356781,
            "min": -0.03846997395157814,
            "max": 0.33037325739860535,
            "count": 200
        },
        "Maxwell.Policy.ExtrinsicValueEstimate.sum": {
            "value": 244.93988037109375,
            "min": -17.761760711669922,
            "max": 247.55364990234375,
            "count": 200
        },
        "Maxwell.Environment.CumulativeReward.mean": {
            "value": 0.6582345538459747,
            "min": 0.5270562876354564,
            "max": 0.6994350674630558,
            "count": 200
        },
        "Maxwell.Environment.CumulativeReward.sum": {
            "value": 499.60002636909485,
            "min": 242.70000321418047,
            "max": 500.4000264406204,
            "count": 200
        },
        "Maxwell.Policy.ExtrinsicReward.mean": {
            "value": 0.6582345538459747,
            "min": 0.5270562876354564,
            "max": 0.6994350674630558,
            "count": 200
        },
        "Maxwell.Policy.ExtrinsicReward.sum": {
            "value": 499.60002636909485,
            "min": 242.70000321418047,
            "max": 500.4000264406204,
            "count": 200
        },
        "Maxwell.IsTraining.mean": {
            "value": 1.0,
            "min": 1.0,
            "max": 1.0,
            "count": 200
        },
        "Maxwell.IsTraining.sum": {
            "value": 1.0,
            "min": 1.0,
            "max": 1.0,
            "count": 200
        },
        "Maxwell.Losses.PolicyLoss.mean": {
            "value": 0.04949686639884021,
            "min": 0.045995102871529525,
            "max": 0.06549175248558943,
            "count": 30
        },
        "Maxwell.Losses.PolicyLoss.sum": {
            "value": 0.04949686639884021,
            "min": 0.045995102871529525,
            "max": 0.06549175248558943,
            "count": 30
        },
        "Maxwell.Losses.ValueLoss.mean": {
            "value": 0.0029051146178365648,
            "min": 0.0026131636256347215,
            "max": 0.01659420514139735,
            "count": 30
        },
        "Maxwell.Losses.ValueLoss.sum": {
            "value": 0.0029051146178365648,
            "min": 0.0026131636256347215,
            "max": 0.01659420514139735,
            "count": 30
        },
        "Maxwell.Policy.LearningRate.mean": {
            "value": 1.6667983332999986e-06,
            "min": 1.6667983332999986e-06,
            "max": 9.672300327700002e-05,
            "count": 30
        },
        "Maxwell.Policy.LearningRate.sum": {
            "value": 1.6667983332999986e-06,
            "min": 1.6667983332999986e-06,
            "max": 9.672300327700002e-05,
            "count": 30
        },
        "Maxwell.Policy.Epsilon.mean": {
            "value": 0.1016667,
            "min": 0.1016667,
            "max": 0.196723,
            "count": 30
        },
        "Maxwell.Policy.Epsilon.sum": {
            "value": 0.1016667,
            "min": 0.1016667,
            "max": 0.196723,
            "count": 30
        },
        "Maxwell.Policy.Beta.mean": {
            "value": 9.316832999999994e-05,
            "min": 9.316832999999994e-05,
            "max": 0.0048364777,
            "count": 30
        },
        "Maxwell.Policy.Beta.sum": {
            "value": 9.316832999999994e-05,
            "min": 9.316832999999994e-05,
            "max": 0.0048364777,
            "count": 30
        }
    },
    "metadata": {
        "timer_format_version": "0.1.0",
        "start_time_seconds": "1715963522",
        "python_version": "3.7.16 (default, Jan 17 2023, 16:06:28) [MSC v.1916 64 bit (AMD64)]",
        "command_line_arguments": "C:\\Users\\Daniel\\anaconda3\\envs\\unity\\Scripts\\mlagents-learn config.yml --run-id=run1",
        "mlagents_version": "0.28.0",
        "mlagents_envs_version": "0.28.0",
        "communication_protocol_version": "1.5.0",
        "pytorch_version": "1.7.1+cu110",
        "numpy_version": "1.21.2",
        "end_time_seconds": "1715965897"
    },
    "total": 2378.5548945,
    "count": 1,
    "self": 0.043509500000254775,
    "children": {
        "run_training.setup": {
            "total": 0.16359939999999984,
            "count": 1,
            "self": 0.16359939999999984
        },
        "TrainerController.start_learning": {
            "total": 2378.3477856,
            "count": 1,
            "self": 3.4702754999721037,
            "children": {
                "TrainerController._reset_env": {
                    "total": 39.4945819,
                    "count": 1,
                    "self": 39.4945819
                },
                "TrainerController.advance": {
                    "total": 2335.308951800028,
                    "count": 111119,
                    "self": 1.71908519999306,
                    "children": {
                        "env_step": {
                            "total": 2333.589866600035,
                            "count": 111119,
                            "self": 1965.5708787000465,
                            "children": {
                                "SubprocessEnvManager._take_step": {
                                    "total": 366.17791719998024,
                                    "count": 111119,
                                    "self": 8.768668100024456,
                                    "children": {
                                        "TorchPolicy.evaluate": {
                                            "total": 357.4092490999558,
                                            "count": 111119,
                                            "self": 66.89742539989868,
                                            "children": {
                                                "TorchPolicy.sample_actions": {
                                                    "total": 290.5118237000571,
                                                    "count": 111119,
                                                    "self": 290.5118237000571
                                                }
                                            }
                                        }
                                    }
                                },
                                "workers": {
                                    "total": 1.841070700008082,
                                    "count": 111119,
                                    "self": 0.0,
                                    "children": {
                                        "worker_root": {
                                            "total": 2334.050310999969,
                                            "count": 111119,
                                            "is_parallel": true,
                                            "self": 1416.2645953999677,