{"count":1,"self":3815.0692864,"total":7319.0220524,"children":{"InitializeActuators":{"count":9,"self":0.0069984,"total":0.0069984,"children":null},"InitializeSensors":{"count":9,"self":0.0060031,"total":0.014486599999999999,"children":{"CreateObservableSensors":{"count":1,"self":0.0084835,"total":0.0084835,"children":null}}},"AgentSendState":{"count":111134,"self":211.055936,"total":250.32928729999998,"children":{"CollectObservations":{"count":1000206,"self":1.5424510999999999,"total":1.5424510999999999,"children":null},"WriteActionMask":{"count":1000206,"self":1.6741072,"total":1.6741072,"children":null},"RequestDecision":{"count":1000206,"self":5.6410316,"total":36.056792099999996,"children":{"AgentInfo.ToProto":{"count":1000206,"self":4.9383492,"total":30.415760499999998,"children":{"GenerateSensorData":{"count":1000206,"self":17.6357888,"total":25.477411399999998,"children":{"RayPerceptionSensor.Perceive":{"count":1000206,"self":7.8416216,"total":7.8416219,"children":null}}}}}}}}},"DecideAction":{"count":111134,"self":3236.3624448,"total":3236.3625355,"children":null},"AgentAct":{"count":111134,"self":9.6917232,"total":9.691723099999999,"children":null},"AgentInfo.ToProto":{"count":143429,"self":2.1624204,"total":7.5448419,"children":{"GenerateSensorData":{"count":143429,"self":3.9468183999999997,"total":5.3824214999999995,"children":{"RayPerceptionSensor.Perceive":{"count":143429,"self":1.4356033,"total":1.4356033,"children":null}}}}}},"gauges":{"Maxwell.CumulativeReward":{"count":143429,"max":20.20004,"min":0.1,"runningAverage":0.658917069,"value":0.6,"weightedAverage":0.615925431}},"metadata":{"timer_format_version":"0.1.0","start_time_seconds":"1715968851","unity_version":"2022.3.26f1","command_line_arguments":"C:\\Program Files\\Unity\\Hub\\Editor\\2022.3.26f1\\Editor\\Unity.exe -projectpath C:\\Users\\Daniel\\Maxwell -useHub -hubIPC -cloudEnvironment production -licensingIpc LicenseClient-Daniel -hubSessionId a110b00d-523c-4114-925b-7ccc87883c98 -accessToken f81iRXdpUQrfbc8KMLTiF_t4b3OgI8AXvIvfgMklaU8007f","communication_protocol_version":"1.5.0","com.unity.ml-agents_version":"2.0.1","scene_name":"SampleScene","end_time_seconds":"1715976170"}}