{
    "name": "root",
    "metadata": {
        "timer_format_version": "0.1.0",
        "start_time_seconds": "1715559241",
        "python_version": "3.7.16 (default, Jan 17 2023, 16:06:28) [MSC v.1916 64 bit (AMD64)]",
        "command_line_arguments": "C:\\Users\\Daniel\\anaconda3\\envs\\unity\\Scripts\\mlagents-learn config.yml --run-id TestRun9",
        "mlagents_version": "0.28.0",
        "mlagents_envs_version": "0.28.0",
        "communication_protocol_version": "1.5.0",
        "pytorch_version": "1.7.1+cu110",
        "numpy_version": "1.21.2",
        "end_time_seconds": "1715559382"
    },
    "total": 141.44538720000003,
    "count": 1,
    "self": 0.007822600000025659,
    "children": {
        "run_training.setup": {
            "total": 0.1131268000000003,
            "count": 1,
            "self": 0.1131268000000003
        },
        "TrainerController.start_learning": {
            "total": 141.3244378,
            "count": 1,
            "self": 0.16120189999995205,
            "children": {
                "TrainerController._reset_env": {
                    "total": 11.687098500000001,
                    "count": 1,
                    "self": 11.687098500000001
                },
                "TrainerController.advance": {
                    "total": 129.30375980000008,
                    "count": 5417,
                    "self": 0.07181279999986145,
                    "children": {
                        "env_step": {
                            "total": 129.23194700000022,
                            "count": 5417,
                            "self": 122.52240650000013,
                            "children": {
                                "SubprocessEnvManager._take_step": {
                                    "total": 6.63563580000047,
                                    "count": 5417,
                                    "self": 0.3216105999998682,
                                    "children": {
                                        "TorchPolicy.evaluate": {
                                            "total": 6.314025200000602,
                                            "count": 5414,
                                            "self": 1.5982202000008705,
                                            "children": {
                                                "TorchPolicy.sample_actions": {
                                                    "total": 4.715804999999731,
                                                    "count": 5414,
                                                    "self": 4.715804999999731
                                                }
                                            }
                                        }
                                    }
                                },
                                "workers": {
                                    "total": 0.07390469999961802,
                                    "count": 5416,
                                    "self": 0.0,
                                    "children": {
                                        "worker_root": {
                                            "total": 108.70468810000013,
                                            "count": 5416,
                                            "is_parallel": true,
                                            "self": 13.245110700000112,
                                            "children": {
                                                "steps_from_proto": {
                                                    "total": 0.007735500000000783,
                                                    "count": 1,
                                                    "is_parallel": true,
                                                    "self": 0.0015724000000005844,
                                                    "children": {
                                                        "_process_rank_one_or_two_observation": {
                                                            "total": 0.006163100000000199,
                                                            "count": 4,
                                                            "is_parallel": true,
                                                            "self": 0.006163100000000199
                                                        }
                                                    }
                                                },
                                                "UnityEnvironment.step": {
                                                    "total": 95.45184190000002,
                                                    "count": 5416,
                                                    "is_parallel": true,
                                                    "self": 0.5578784000005754,
                                                    "children": {
                                                        "UnityEnvironment._generate_step_input": {
                                                            "total": 0.5535250000000769,
                                                            "count": 5416,
                                                            "is_parallel": true,
                                                            "self": 0.5535250000000769
                                                        },
                                                        "communicator.exchange": {
                                                            "total": 92.44521509999991,
                                                            "count": 5416,
                                                            "is_parallel": true,
                                                            "self": 92.44521509999991
                                                        },
                                                        "steps_from_proto": {
                                                            "total": 1.8952233999994483,
                                                            "count": 5416,
                                                            "is_parallel": true,
                                                            "self": 1.0184093999998307,
                                                            "children": {
                                                                "_process_rank_one_or_two_observation": {
                                                                    "total": 0.8768139999996176,
                                                                    "count": 21664,
                                                                    "is_parallel": true,
                                                                    "self": 0.8768139999996176
                                                                }
                                                            }
                                                        }
                                                    }
                                                }
                                            }
                                        }
                                    }
                                }
                            }
                        }
                    }
                },
                "trainer_threads": {
                    "total": 4.3899999980112625e-05,
                    "count": 1,
                    "self": 4.3899999980112625e-05,
                    "children": {
                        "thread_root": {
                            "total": 0.0,
                            "count": 0,
                            "is_parallel": true,
                            "self": 0.0,
                            "children": {
                                "trainer_advance": {
                                    "total": 129.18876680000028,